Asset,signal,take_profit,stop_loss
SPLK,1,173.30999755859375,129.57140863306861
PTON,1,92.83000183105469,27.711932954441252
FAST,-1,0.0,0.0
VRSN,-1,0.0,0.0
EXC,-1,0.0,0.0
SIRI,-1,0.0,0.0
DLTR,-1,0.0,0.0
KLAC,-1,0.0,0.0
